id,titulo,ciclo_proposto,disciplina_proposta,tema_proposto,tipo_schema,tipo_pretendido_original,conceitos_transversais,justificativa,objetivos_preliminares,prioridade,estado,origem,esforco,dependencias,decisao,notas,criado_em,decidido_em
IDEA-3,Asma,Clínico,Pneumologia,Doenças obstrutivas,complete_pack,complete_pack,,,,a_definir,idea,"Diretoria 2026-09-15 (00-INDICE.md L361-364); consolida IDEA-P4-038 (PAUTA-CANDIDATOS-PLANOS-ENSINO-4P-2026-09-15.md) sem duplicação",a_definir,IDEA-P4-075,,"Cobertura apenas parcial no compêndio de síndromes bronco-pleuro-pulmonares. ""Farmacologia e farmacoterapia da asma.docx"" é entrada legada a auditar, não fonte aprovada.",2026-09-15,
IDEA-4,DPOC,Clínico,Pneumologia,Doenças obstrutivas,complete_pack,complete_pack,,,,a_definir,idea,"Diretoria 2026-09-15 (00-INDICE.md L361-364); consolida IDEA-P4-039 (PAUTA-CANDIDATOS-PLANOS-ENSINO-4P-2026-09-15.md) sem duplicação",a_definir,IDEA-P4-077,,"A menção atual no compêndio de síndromes respiratórias não substitui material próprio com fisiopatologia, diagnóstico, estratificação, tratamento, exacerbação, prevenção, questões e SRS.",2026-09-15,
IDEA-P4-001,Fundamentos do uso clínico de antimicrobianos e resistência antimicrobiana,Clínico,Agressão e Defesa II,Fundamentos do uso clínico de antimicrobianos e resistência antimicrobiana,complete_pack,pack completo,,,,a_definir,idea,"PAUTA-CANDIDATOS-PLANOS-ENSINO-4P-2026-09-15.md — Agressão e Defesa II",a_definir,,,"Incluir seleção, espectro, segurança e uso racional.",2026-09-15,
IDEA-P4-002,Betalactâmicos,Clínico,Agressão e Defesa II,Betalactâmicos,a_definir,material/questões/SRS,,,,a_definir,idea,"PAUTA-CANDIDATOS-PLANOS-ENSINO-4P-2026-09-15.md — Agressão e Defesa II",a_definir,IDEA-P4-001,,"Parte explicitamente nomeada em Antimicrobianos I.",2026-09-15,
IDEA-P4-003,Glicopeptídeos e demais classes de antimicrobianos do cronograma II–III,Clínico,Agressão e Defesa II,Glicopeptídeos e demais classes de antimicrobianos do cronograma II–III,a_definir,conjunto a delimitar,,,,a_definir,idea,"PAUTA-CANDIDATOS-PLANOS-ENSINO-4P-2026-09-15.md — Agressão e Defesa II",a_definir,IDEA-P4-001,,"O plano não discrimina todas as classes; não inferir conteúdo ausente.",2026-09-15,
IDEA-P4-004,Resposta imune a bactérias,Clínico,Agressão e Defesa II,Resposta imune a bactérias,material,material básico-clínico,,,,a_definir,idea,"PAUTA-CANDIDATOS-PLANOS-ENSINO-4P-2026-09-15.md — Agressão e Defesa II",a_definir,,,"Integrar mecanismos e aplicação em infecção.",2026-09-15,
IDEA-P4-005,Infecções osteoarticulares,Clínico,Agressão e Defesa II,Infecções osteoarticulares,complete_pack,pack completo,,,,a_definir,idea,"PAUTA-CANDIDATOS-PLANOS-ENSINO-4P-2026-09-15.md — Agressão e Defesa II",a_definir,,,"Diagnóstico, tratamento e prevenção.",2026-09-15,
IDEA-P4-006,Meningites infecciosas,Clínico,Agressão e Defesa II,Meningites infecciosas,complete_pack,pack completo,,,,a_definir,idea,"PAUTA-CANDIDATOS-PLANOS-ENSINO-4P-2026-09-15.md — Agressão e Defesa II",a_definir,,,"Etiologia, reconhecimento, diagnóstico e manejo inicial.",2026-09-15,
IDEA-P4-007,HIV e aids,Clínico,Agressão e Defesa II,HIV e aids,complete_pack,pack completo,,,,a_definir,idea,"PAUTA-CANDIDATOS-PLANOS-ENSINO-4P-2026-09-15.md — Agressão e Defesa II",a_definir,,,"Fisiopatologia, diagnóstico e seguimento.",2026-09-15,
IDEA-P4-008,Terapia antirretroviral,Clínico,Agressão e Defesa II,Terapia antirretroviral,material,material farmacológico,,,,a_definir,idea,"PAUTA-CANDIDATOS-PLANOS-ENSINO-4P-2026-09-15.md — Agressão e Defesa II",a_definir,IDEA-P4-007,,"Manter ligado ao pack HIV/aids sem fundir os escopos.",2026-09-15,
IDEA-P4-009,Doenças oportunistas e coinfecções na aids,Clínico,Agressão e Defesa II,Doenças oportunistas e coinfecções na aids,material,material clínico,,,,a_definir,idea,"PAUTA-CANDIDATOS-PLANOS-ENSINO-4P-2026-09-15.md — Agressão e Defesa II",a_definir,,,"Incluir profilaxia e tratamento após delimitação.",2026-09-15,
IDEA-P4-010,Hepatites virais,Clínico,Agressão e Defesa II,Hepatites virais,complete_pack,pack completo,,,,a_definir,idea,"PAUTA-CANDIDATOS-PLANOS-ENSINO-4P-2026-09-15.md — Agressão e Defesa II",a_definir,,,"Diferenciar HBV, HCV e demais hepatites pertinentes.",2026-09-15,
IDEA-P4-011,"Antivirais para HBV, HCV e SARS-CoV-2",Clínico,Agressão e Defesa II,"Antivirais para HBV, HCV e SARS-CoV-2",a_definir,conjunto farmacológico,,,,a_definir,idea,"PAUTA-CANDIDATOS-PLANOS-ENSINO-4P-2026-09-15.md — Agressão e Defesa II",a_definir,,,"Verificar vigência antes de desenvolver.",2026-09-15,
IDEA-P4-012,Infecções por vírus respiratórios,Clínico,Agressão e Defesa II,Infecções por vírus respiratórios,complete_pack,pack completo,,,,a_definir,idea,"PAUTA-CANDIDATOS-PLANOS-ENSINO-4P-2026-09-15.md — Agressão e Defesa II",a_definir,,,"Não confundir com farmacologia antiviral isolada.",2026-09-15,
IDEA-P4-013,Resposta imune a vírus,Clínico,Agressão e Defesa II,Resposta imune a vírus,material,material básico-clínico,,,,a_definir,idea,"PAUTA-CANDIDATOS-PLANOS-ENSINO-4P-2026-09-15.md — Agressão e Defesa II",a_definir,,,"Candidato transversal à infectologia.",2026-09-15,
IDEA-P4-014,Fundamentos de parasitologia médica,Clínico,Agressão e Defesa II,Fundamentos de parasitologia médica,a_definir,trilha a delimitar,,,,a_definir,idea,"PAUTA-CANDIDATOS-PLANOS-ENSINO-4P-2026-09-15.md — Agressão e Defesa II",a_definir,,,"O cronograma usa ""Parasitologia I–V""; requer escopo nominal antes de desenvolver.",2026-09-15,
IDEA-P4-015,Resposta imune a parasitas,Clínico,Agressão e Defesa II,Resposta imune a parasitas,material,material básico-clínico,,,,a_definir,idea,"PAUTA-CANDIDATOS-PLANOS-ENSINO-4P-2026-09-15.md — Agressão e Defesa II",a_definir,,,"Separar fundamentos dos packs de doenças.",2026-09-15,
IDEA-P4-016,Antiparasitários,Clínico,Agressão e Defesa II,Antiparasitários,material,material farmacológico,,,,a_definir,idea,"PAUTA-CANDIDATOS-PLANOS-ENSINO-4P-2026-09-15.md — Agressão e Defesa II",a_definir,,,"Delimitar classes e indicações.",2026-09-15,
IDEA-P4-017,Parasitoses intestinais,Clínico,Agressão e Defesa II,Parasitoses intestinais,complete_pack,pack completo,,,,a_definir,idea,"PAUTA-CANDIDATOS-PLANOS-ENSINO-4P-2026-09-15.md — Agressão e Defesa II",a_definir,,,"Integrar etiologia, clínica, diagnóstico, tratamento e prevenção.",2026-09-15,
IDEA-P4-018,Infecções sistêmicas por protozoários,Clínico,Agressão e Defesa II,Infecções sistêmicas por protozoários,a_definir,conjunto a delimitar,,,,a_definir,idea,"PAUTA-CANDIDATOS-PLANOS-ENSINO-4P-2026-09-15.md — Agressão e Defesa II",a_definir,,,"Não criar um material enciclopédico sem priorização.",2026-09-15,
IDEA-P4-019,Diarreias infecciosas,Clínico,Agressão e Defesa II,Diarreias infecciosas,complete_pack,pack completo,,,,a_definir,idea,"PAUTA-CANDIDATOS-PLANOS-ENSINO-4P-2026-09-15.md — Agressão e Defesa II",a_definir,,,"Abranger causas bacterianas, virais e parasitárias.",2026-09-15,
IDEA-P4-020,Infecções sexualmente transmissíveis,Clínico,Agressão e Defesa II,Infecções sexualmente transmissíveis,a_definir,trilha/conjunto,,,,a_definir,idea,"PAUTA-CANDIDATOS-PLANOS-ENSINO-4P-2026-09-15.md — Agressão e Defesa II",a_definir,,,"Dividir posteriormente por síndromes e agentes.",2026-09-15,
IDEA-P4-021,Semiologia cardiovascular,Clínico,Cardiologia,Semiologia cardiovascular,complete_pack,pack completo,,,,a_definir,idea,"PAUTA-CANDIDATOS-PLANOS-ENSINO-4P-2026-09-15.md — Saúde do Adulto I / Cardiologia",a_definir,,,,2026-09-15,
IDEA-P4-022,Valvopatias aórtica e pulmonar,Clínico,Cardiologia,Valvopatias aórtica e pulmonar,a_definir,material/questões/SRS,,,,a_definir,idea,"PAUTA-CANDIDATOS-PLANOS-ENSINO-4P-2026-09-15.md — Saúde do Adulto I / Cardiologia",a_definir,,,,2026-09-15,
IDEA-P4-023,Valvopatias mitral e tricúspide,Clínico,Cardiologia,Valvopatias mitral e tricúspide,a_definir,material/questões/SRS,,,,a_definir,idea,"PAUTA-CANDIDATOS-PLANOS-ENSINO-4P-2026-09-15.md — Saúde do Adulto I / Cardiologia",a_definir,,,,2026-09-15,
IDEA-P4-024,Endocardite infecciosa,Clínico,Cardiologia,Endocardite infecciosa,complete_pack,pack completo,,,,a_definir,idea,"PAUTA-CANDIDATOS-PLANOS-ENSINO-4P-2026-09-15.md — Saúde do Adulto I / Cardiologia",a_definir,,,"Acervo já tem lote grande de questões published sobre este tema (auditoria 21-A2); auditar cobertura antes de expandir.",2026-09-15,
IDEA-P4-025,Febre reumática,Clínico,Cardiologia,Febre reumática,complete_pack,pack completo,,,,a_definir,idea,"PAUTA-CANDIDATOS-PLANOS-ENSINO-4P-2026-09-15.md — Saúde do Adulto I / Cardiologia",a_definir,,,,2026-09-15,
IDEA-P4-026,Insuficiência cardíaca,Clínico,Cardiologia,Insuficiência cardíaca,complete_pack,pack completo,,,,a_definir,idea,"PAUTA-CANDIDATOS-PLANOS-ENSINO-4P-2026-09-15.md — Saúde do Adulto I / Cardiologia",a_definir,,,"Acervo já tem lote grande de questões published sobre este tema (auditoria 21-A2); auditar cobertura antes de expandir.",2026-09-15,
IDEA-P4-027,Cardiomiopatias,Clínico,Cardiologia,Cardiomiopatias,complete_pack,pack completo,,,,a_definir,idea,"PAUTA-CANDIDATOS-PLANOS-ENSINO-4P-2026-09-15.md — Saúde do Adulto I / Cardiologia",a_definir,,,,2026-09-15,
IDEA-P4-028,Hipertensão arterial primária,Clínico,Cardiologia,Hipertensão arterial primária,complete_pack,pack completo,,,,a_definir,idea,"PAUTA-CANDIDATOS-PLANOS-ENSINO-4P-2026-09-15.md — Saúde do Adulto I / Cardiologia",a_definir,,,"Acervo já tem lote grande de questões published sobre este tema (auditoria 21-A2); auditar cobertura antes de expandir.",2026-09-15,
IDEA-P4-029,Aterosclerose,Clínico,Cardiologia,Aterosclerose,material,material mecanístico-clínico,,,,a_definir,idea,"PAUTA-CANDIDATOS-PLANOS-ENSINO-4P-2026-09-15.md — Saúde do Adulto I / Cardiologia",a_definir,,,,2026-09-15,
IDEA-P4-030,Síndrome coronariana crônica,Clínico,Cardiologia,Síndrome coronariana crônica,complete_pack,pack completo,,,,a_definir,idea,"PAUTA-CANDIDATOS-PLANOS-ENSINO-4P-2026-09-15.md — Saúde do Adulto I / Cardiologia",a_definir,,,,2026-09-15,
IDEA-P4-031,Síndrome coronariana aguda sem supradesnivelamento do ST,Clínico,Cardiologia,Síndrome coronariana aguda sem supradesnivelamento do ST,complete_pack,pack completo,,,,a_definir,idea,"PAUTA-CANDIDATOS-PLANOS-ENSINO-4P-2026-09-15.md — Saúde do Adulto I / Cardiologia",a_definir,,,,2026-09-15,
IDEA-P4-032,Infarto agudo do miocárdio com supradesnivelamento do ST,Clínico,Cardiologia,Infarto agudo do miocárdio com supradesnivelamento do ST,complete_pack,pack completo,,,,a_definir,idea,"PAUTA-CANDIDATOS-PLANOS-ENSINO-4P-2026-09-15.md — Saúde do Adulto I / Cardiologia",a_definir,,,,2026-09-15,
IDEA-P4-033,Taquiarritmias,Clínico,Cardiologia,Taquiarritmias,a_definir,conjunto a delimitar,,,,a_definir,idea,"PAUTA-CANDIDATOS-PLANOS-ENSINO-4P-2026-09-15.md — Saúde do Adulto I / Cardiologia",a_definir,,,,2026-09-15,
IDEA-P4-034,Bradiarritmias,Clínico,Cardiologia,Bradiarritmias,a_definir,conjunto a delimitar,,,,a_definir,idea,"PAUTA-CANDIDATOS-PLANOS-ENSINO-4P-2026-09-15.md — Saúde do Adulto I / Cardiologia",a_definir,,,,2026-09-15,
IDEA-P4-035,Abordagem sindrômica da dispneia,Clínico,Pneumologia,Abordagem sindrômica da dispneia,complete_pack,pack completo,,,,a_definir,idea,"PAUTA-CANDIDATOS-PLANOS-ENSINO-4P-2026-09-15.md — Saúde do Adulto I / Pneumologia",a_definir,,,"Diferenciais cardiovasculares, pulmonares e sistêmicos.",2026-09-15,
IDEA-P4-036,Diagnóstico diferencial da dor torácica,Clínico,Pneumologia,Diagnóstico diferencial da dor torácica,complete_pack,pack completo,,,,a_definir,idea,"PAUTA-CANDIDATOS-PLANOS-ENSINO-4P-2026-09-15.md — Saúde do Adulto I / Pneumologia",a_definir,,,"Candidato interdisciplinar.",2026-09-15,
IDEA-P4-037,Tosse e hemoptise,Clínico,Pneumologia,Tosse e hemoptise,complete_pack,pack completo,,,,a_definir,idea,"PAUTA-CANDIDATOS-PLANOS-ENSINO-4P-2026-09-15.md — Saúde do Adulto I / Pneumologia",a_definir,,,"Há cobertura parcial no acervo; auditar antes de criar.",2026-09-15,
IDEA-P4-040,Derrame pleural,Clínico,Pneumologia,Derrame pleural,complete_pack,pack completo,,,,a_definir,idea,"PAUTA-CANDIDATOS-PLANOS-ENSINO-4P-2026-09-15.md — Saúde do Adulto I / Pneumologia",a_definir,,,"Integrar semiologia, imagem e etiologia.",2026-09-15,
IDEA-P4-041,Doenças pulmonares intersticiais,Clínico,Pneumologia,Doenças pulmonares intersticiais,a_definir,trilha/conjunto,,,,a_definir,idea,"PAUTA-CANDIDATOS-PLANOS-ENSINO-4P-2026-09-15.md — Saúde do Adulto I / Pneumologia",a_definir,,,"Delimitar doenças prioritárias.",2026-09-15,
IDEA-P4-042,Tromboembolismo pulmonar,Clínico,Pneumologia,Tromboembolismo pulmonar,complete_pack,pack completo,,,,a_definir,idea,"PAUTA-CANDIDATOS-PLANOS-ENSINO-4P-2026-09-15.md — Saúde do Adulto I / Pneumologia",a_definir,,,"Diagnóstico, estratificação e manejo.",2026-09-15,
IDEA-P4-043,Nódulo pulmonar,Clínico,Pneumologia,Nódulo pulmonar,complete_pack,pack completo,,,,a_definir,idea,"PAUTA-CANDIDATOS-PLANOS-ENSINO-4P-2026-09-15.md — Saúde do Adulto I / Pneumologia",a_definir,,,"Incluir avaliação de risco e seguimento após fonte vigente.",2026-09-15,
IDEA-P4-044,Abordagem da anemia e interpretação do hemograma,Clínico,Hematologia,Abordagem da anemia e interpretação do hemograma,complete_pack,pack completo,,,,a_definir,idea,"PAUTA-CANDIDATOS-PLANOS-ENSINO-4P-2026-09-15.md — Saúde do Adulto I / Pneumologia (tema hematológico)",a_definir,,,"Tema hematológico apesar de constar no cronograma pneumológico.",2026-09-15,
IDEA-P4-045,Anemia ferropriva,Clínico,Hematologia,Anemia ferropriva,complete_pack,pack completo,,,,a_definir,idea,"PAUTA-CANDIDATOS-PLANOS-ENSINO-4P-2026-09-15.md — Saúde do Adulto I / Pneumologia (tema hematológico)",a_definir,,,,2026-09-15,
IDEA-P4-046,Anemia megaloblástica,Clínico,Hematologia,Anemia megaloblástica,complete_pack,pack completo,,,,a_definir,idea,"PAUTA-CANDIDATOS-PLANOS-ENSINO-4P-2026-09-15.md — Saúde do Adulto I / Pneumologia (tema hematológico)",a_definir,,,,2026-09-15,
IDEA-P4-047,Avaliação da função renal,Clínico,Nefrologia,Avaliação da função renal,complete_pack,pack completo,,,,a_definir,idea,"PAUTA-CANDIDATOS-PLANOS-ENSINO-4P-2026-09-15.md — Saúde do Adulto I / Nefrologia",a_definir,,,,2026-09-15,
IDEA-P4-048,Doença renal policística,Clínico,Nefrologia,Doença renal policística,complete_pack,pack completo,,,,a_definir,idea,"PAUTA-CANDIDATOS-PLANOS-ENSINO-4P-2026-09-15.md — Saúde do Adulto I / Nefrologia",a_definir,,,,2026-09-15,
IDEA-P4-049,Imagem em nefrologia,Clínico,Nefrologia,Imagem em nefrologia,material,material de habilidade diagnóstica,,,,a_definir,idea,"PAUTA-CANDIDATOS-PLANOS-ENSINO-4P-2026-09-15.md — Saúde do Adulto I / Nefrologia",a_definir,,,,2026-09-15,
IDEA-P4-050,Distúrbios acidobásicos,Clínico,Nefrologia,Distúrbios acidobásicos,complete_pack,pack completo,,,,a_definir,idea,"PAUTA-CANDIDATOS-PLANOS-ENSINO-4P-2026-09-15.md — Saúde do Adulto I / Nefrologia",a_definir,,,,2026-09-15,
IDEA-P4-051,Síndrome edemigênica,Clínico,Nefrologia,Síndrome edemigênica,material,material sindrômico interdisciplinar,,,,a_definir,idea,"PAUTA-CANDIDATOS-PLANOS-ENSINO-4P-2026-09-15.md — Saúde do Adulto I / Nefrologia",a_definir,,,,2026-09-15,
IDEA-P4-052,Urinálise,Clínico,Nefrologia,Urinálise,material,material de habilidade diagnóstica,,,,a_definir,idea,"PAUTA-CANDIDATOS-PLANOS-ENSINO-4P-2026-09-15.md — Saúde do Adulto I / Nefrologia",a_definir,,,,2026-09-15,
IDEA-P4-053,Distúrbios do metabolismo de sódio e água,Clínico,Nefrologia,Distúrbios do metabolismo de sódio e água,complete_pack,pack completo,,,,a_definir,idea,"PAUTA-CANDIDATOS-PLANOS-ENSINO-4P-2026-09-15.md — Saúde do Adulto I / Nefrologia",a_definir,,,,2026-09-15,
IDEA-P4-054,Distúrbios do potássio,Clínico,Nefrologia,Distúrbios do potássio,complete_pack,pack completo,,,,a_definir,idea,"PAUTA-CANDIDATOS-PLANOS-ENSINO-4P-2026-09-15.md — Saúde do Adulto I / Nefrologia",a_definir,,,,2026-09-15,
IDEA-P4-055,Hipertensão arterial secundária,Clínico,Nefrologia,Hipertensão arterial secundária,complete_pack,pack completo,,,,a_definir,idea,"PAUTA-CANDIDATOS-PLANOS-ENSINO-4P-2026-09-15.md — Saúde do Adulto I / Nefrologia",a_definir,IDEA-P4-028,,"Distinguir do pack de hipertensão primária (IDEA-P4-028) sem fundir os escopos.",2026-09-15,
IDEA-P4-056,Doença renal diabética,Clínico,Nefrologia,Doença renal diabética,complete_pack,pack completo,,,,a_definir,idea,"PAUTA-CANDIDATOS-PLANOS-ENSINO-4P-2026-09-15.md — Saúde do Adulto I / Nefrologia",a_definir,,,,2026-09-15,
IDEA-P4-057,Injúria renal aguda,Clínico,Nefrologia,Injúria renal aguda,complete_pack,pack completo,,,,a_definir,idea,"PAUTA-CANDIDATOS-PLANOS-ENSINO-4P-2026-09-15.md — Saúde do Adulto I / Nefrologia",a_definir,,,,2026-09-15,
IDEA-P4-058,Síndrome nefrótica,Clínico,Nefrologia,Síndrome nefrótica,complete_pack,pack completo,,,,a_definir,idea,"PAUTA-CANDIDATOS-PLANOS-ENSINO-4P-2026-09-15.md — Saúde do Adulto I / Nefrologia",a_definir,IDEA-P4-061,,,2026-09-15,
IDEA-P4-059,Nefropatia lúpica,Clínico,Nefrologia,Nefropatia lúpica,complete_pack,pack completo,,,,a_definir,idea,"PAUTA-CANDIDATOS-PLANOS-ENSINO-4P-2026-09-15.md — Saúde do Adulto I / Nefrologia",a_definir,IDEA-P4-061,,,2026-09-15,
IDEA-P4-060,Doença renal crônica,Clínico,Nefrologia,Doença renal crônica,complete_pack,pack completo,,,,a_definir,idea,"PAUTA-CANDIDATOS-PLANOS-ENSINO-4P-2026-09-15.md — Saúde do Adulto I / Nefrologia",a_definir,,,,2026-09-15,
IDEA-P4-061,Glomerulopatias,Clínico,Nefrologia,Glomerulopatias,a_definir,trilha/conjunto,,,,a_definir,idea,"PAUTA-CANDIDATOS-PLANOS-ENSINO-4P-2026-09-15.md — Saúde do Adulto I / Nefrologia",a_definir,,,"Delimitar entidades e relação com síndrome nefrótica/nefrítica.",2026-09-15,
IDEA-P4-062,Dislipidemias,Clínico,Endocrinologia,Dislipidemias,complete_pack,pack completo,,,,a_definir,idea,"PAUTA-CANDIDATOS-PLANOS-ENSINO-4P-2026-09-15.md — Saúde do Adulto I / Endocrinologia",a_definir,,,,2026-09-15,
IDEA-P4-063,Diagnóstico do diabetes mellitus,Clínico,Endocrinologia,Diagnóstico do diabetes mellitus,a_definir,material/questões/SRS,,,,a_definir,idea,"PAUTA-CANDIDATOS-PLANOS-ENSINO-4P-2026-09-15.md — Saúde do Adulto I / Endocrinologia",a_definir,,,,2026-09-15,
IDEA-P4-064,Obesidade e síndrome metabólica,Clínico,Endocrinologia,Obesidade e síndrome metabólica,complete_pack,pack completo,,,,a_definir,idea,"PAUTA-CANDIDATOS-PLANOS-ENSINO-4P-2026-09-15.md — Saúde do Adulto I / Endocrinologia",a_definir,,,,2026-09-15,
IDEA-P4-065,Introdução ao diagnóstico anatomopatológico,Transversal,Habilidades Profissionais IV,Introdução ao diagnóstico anatomopatológico,material,material básico de habilidade,,,,a_definir,idea,"PAUTA-CANDIDATOS-PLANOS-ENSINO-4P-2026-09-15.md — Habilidades Profissionais IV",a_definir,,,"Competência/lente complementar; ligar transversalmente a pack clínico correspondente sem duplicar material.",2026-09-15,
IDEA-P4-066,Patologia pulmonar e doenças granulomatosas pulmonares,Transversal,Habilidades Profissionais IV,Patologia pulmonar e doenças granulomatosas pulmonares,a_definir,conjunto anatomopatológico,,,,a_definir,idea,"PAUTA-CANDIDATOS-PLANOS-ENSINO-4P-2026-09-15.md — Habilidades Profissionais IV",a_definir,,,"Competência/lente complementar; ligar transversalmente a pack clínico correspondente sem duplicar material.",2026-09-15,
IDEA-P4-067,Anatomopatologia do infarto e da hipertensão,Transversal,Habilidades Profissionais IV,Anatomopatologia do infarto e da hipertensão,material,material transversal,,,,a_definir,idea,"PAUTA-CANDIDATOS-PLANOS-ENSINO-4P-2026-09-15.md — Habilidades Profissionais IV",a_definir,,,"Competência/lente complementar; ligar transversalmente a pack clínico correspondente sem duplicar material.",2026-09-15,
IDEA-P4-068,Espirometria: execução e interpretação,Transversal,Habilidades Profissionais IV,Espirometria: execução e interpretação,material,habilidade diagnóstica,,,,a_definir,idea,"PAUTA-CANDIDATOS-PLANOS-ENSINO-4P-2026-09-15.md — Habilidades Profissionais IV",a_definir,,,"Competência/lente complementar; ligar transversalmente a pack clínico correspondente sem duplicar material.",2026-09-15,
IDEA-P4-069,Análise de antibiogramas,Transversal,Habilidades Profissionais IV,Análise de antibiogramas,material,habilidade diagnóstica,,,,a_definir,idea,"PAUTA-CANDIDATOS-PLANOS-ENSINO-4P-2026-09-15.md — Habilidades Profissionais IV",a_definir,,,"Competência/lente complementar; ligar transversalmente a pack clínico correspondente sem duplicar material.",2026-09-15,
IDEA-P4-070,Eletrocardiograma básico e interpretação de laudos,Transversal,Habilidades Profissionais IV,Eletrocardiograma básico e interpretação de laudos,a_definir,trilha de habilidade,,,,a_definir,idea,"PAUTA-CANDIDATOS-PLANOS-ENSINO-4P-2026-09-15.md — Habilidades Profissionais IV",a_definir,,,"Competência/lente complementar; ligar transversalmente a pack clínico correspondente sem duplicar material.",2026-09-15,
IDEA-P4-071,Ecocardiograma: fundamentos e interpretação clínica inicial,Transversal,Habilidades Profissionais IV,Ecocardiograma: fundamentos e interpretação clínica inicial,material,habilidade diagnóstica,,,,a_definir,idea,"PAUTA-CANDIDATOS-PLANOS-ENSINO-4P-2026-09-15.md — Habilidades Profissionais IV",a_definir,,,"Competência/lente complementar; ligar transversalmente a pack clínico correspondente sem duplicar material.",2026-09-15,
IDEA-P4-072,Radiografia do tórax,Transversal,Habilidades Profissionais IV,Radiografia do tórax,material,habilidade diagnóstica,,,,a_definir,idea,"PAUTA-CANDIDATOS-PLANOS-ENSINO-4P-2026-09-15.md — Habilidades Profissionais IV",a_definir,,,"Competência/lente complementar; ligar transversalmente a pack clínico correspondente sem duplicar material.",2026-09-15,
IDEA-P4-073,Tomografia do tórax,Transversal,Habilidades Profissionais IV,Tomografia do tórax,material,habilidade diagnóstica,,,,a_definir,idea,"PAUTA-CANDIDATOS-PLANOS-ENSINO-4P-2026-09-15.md — Habilidades Profissionais IV",a_definir,,,"Competência/lente complementar; ligar transversalmente a pack clínico correspondente sem duplicar material.",2026-09-15,
IDEA-P4-074,Imagem do encéfalo nas emergências neurológicas,Transversal,Habilidades Profissionais IV,Imagem do encéfalo nas emergências neurológicas,material,habilidade diagnóstica,,,,a_definir,idea,"PAUTA-CANDIDATOS-PLANOS-ENSINO-4P-2026-09-15.md — Habilidades Profissionais IV",a_definir,,,"Competência/lente complementar; ligar transversalmente a pack clínico correspondente sem duplicar material.",2026-09-15,
IDEA-P4-075,Farmacoterapia da asma,Transversal,Habilidades Profissionais IV,Farmacoterapia da asma,material,componente do pack Asma,,,,a_definir,idea,"PAUTA-CANDIDATOS-PLANOS-ENSINO-4P-2026-09-15.md — Habilidades Profissionais IV",a_definir,IDEA-3,,"Componente farmacológico explicitamente ligado ao pack Asma (IDEA-3); não desenvolver isolado.",2026-09-15,
IDEA-P4-076,Farmacoterapia da hipertensão,Transversal,Habilidades Profissionais IV,Farmacoterapia da hipertensão,material,componente do pack Hipertensão,,,,a_definir,idea,"PAUTA-CANDIDATOS-PLANOS-ENSINO-4P-2026-09-15.md — Habilidades Profissionais IV",a_definir,IDEA-P4-028,,"Componente farmacológico explicitamente ligado ao pack Hipertensão arterial primária (IDEA-P4-028).",2026-09-15,
IDEA-P4-077,Farmacoterapia da DPOC,Transversal,Habilidades Profissionais IV,Farmacoterapia da DPOC,material,componente do pack DPOC,,,,a_definir,idea,"PAUTA-CANDIDATOS-PLANOS-ENSINO-4P-2026-09-15.md — Habilidades Profissionais IV",a_definir,IDEA-4,,"Componente farmacológico explicitamente ligado ao pack DPOC (IDEA-4); não desenvolver isolado.",2026-09-15,
IDEA-P4-078,Farmacoterapia da insuficiência cardíaca,Transversal,Habilidades Profissionais IV,Farmacoterapia da insuficiência cardíaca,material,componente do pack Insuficiência cardíaca,,,,a_definir,idea,"PAUTA-CANDIDATOS-PLANOS-ENSINO-4P-2026-09-15.md — Habilidades Profissionais IV",a_definir,IDEA-P4-026,,"Componente farmacológico explicitamente ligado ao pack Insuficiência cardíaca (IDEA-P4-026).",2026-09-15,
IDEA-P4-079,Farmacoterapia das doenças isquêmicas,Transversal,Habilidades Profissionais IV,Farmacoterapia das doenças isquêmicas,material,componente dos packs coronarianos,,,,a_definir,idea,"PAUTA-CANDIDATOS-PLANOS-ENSINO-4P-2026-09-15.md — Habilidades Profissionais IV",a_definir,"IDEA-P4-030; IDEA-P4-031; IDEA-P4-032",,"Componente farmacológico explicitamente ligado aos packs coronarianos.",2026-09-15,
IDEA-P4-080,Farmacoterapia das arritmias,Transversal,Habilidades Profissionais IV,Farmacoterapia das arritmias,material,componente da trilha de arritmias,,,,a_definir,idea,"PAUTA-CANDIDATOS-PLANOS-ENSINO-4P-2026-09-15.md — Habilidades Profissionais IV",a_definir,"IDEA-P4-033; IDEA-P4-034",,"Componente farmacológico explicitamente ligado à trilha de arritmias.",2026-09-15,
IDEA-P4-081,Farmacoterapia da obesidade,Transversal,Habilidades Profissionais IV,Farmacoterapia da obesidade,material,componente do pack Obesidade,,,,a_definir,idea,"PAUTA-CANDIDATOS-PLANOS-ENSINO-4P-2026-09-15.md — Habilidades Profissionais IV",a_definir,IDEA-P4-064,,"Componente farmacológico explicitamente ligado ao pack Obesidade e síndrome metabólica (IDEA-P4-064).",2026-09-15,
IDEA-P4-082,Prescrição médica segura,Transversal,Habilidades Profissionais IV,Prescrição médica segura,a_definir,competência transversal,,,,a_definir,idea,"PAUTA-CANDIDATOS-PLANOS-ENSINO-4P-2026-09-15.md — Habilidades Profissionais IV",a_definir,,,"Competência transversal; enum tipo do schema (material|questions|flashcards|complete_pack) não cobre ""competência"" — ver ambiguidades no documento de especificação.",2026-09-15,
IDEA-P4-083,Técnica e orientação no uso de dispositivos inalatórios,Transversal,Habilidades Profissionais IV,Técnica e orientação no uso de dispositivos inalatórios,a_definir,habilidade clínica transversal,,,,a_definir,idea,"PAUTA-CANDIDATOS-PLANOS-ENSINO-4P-2026-09-15.md — Habilidades Profissionais IV",a_definir,"IDEA-3; IDEA-4",,"Relaciona-se aos packs Asma/DPOC; não fundir, tratar como habilidade transversal.",2026-09-15,
IDEA-P4-084,Avaliação e promoção da adesão terapêutica,Transversal,Habilidades Profissionais IV,Avaliação e promoção da adesão terapêutica,a_definir,competência transversal,,,,a_definir,idea,"PAUTA-CANDIDATOS-PLANOS-ENSINO-4P-2026-09-15.md — Habilidades Profissionais IV",a_definir,,,"Competência transversal; ver ambiguidades no documento de especificação.",2026-09-15,
IDEA-P4-085,"Integração de anamnese, exame físico, exames e plano terapêutico",Transversal,Habilidades Profissionais IV,"Integração de anamnese, exame físico, exames e plano terapêutico",a_definir,competência longitudinal,,,,a_definir,idea,"PAUTA-CANDIDATOS-PLANOS-ENSINO-4P-2026-09-15.md — Habilidades Profissionais IV",a_definir,,,"Competência transversal; ver ambiguidades no documento de especificação.",2026-09-15,
IDEA-P4-086,OSCE clínico integrado,Transversal,Habilidades Profissionais IV,OSCE clínico integrado,a_definir,"formato avaliativo/treino, não conteúdo autônomo",,,,a_definir,idea,"PAUTA-CANDIDATOS-PLANOS-ENSINO-4P-2026-09-15.md — Habilidades Profissionais IV",a_definir,,,"A própria pauta marca como formato avaliativo, não conteúdo autônomo; manter como idea sem promover ou arquivar automaticamente.",2026-09-15,
IDEA-P4-087,Fundamentos da Medicina de Família e Comunidade,Clínico,Medicina de Família e Comunidade,Fundamentos da Medicina de Família e Comunidade,material,material introdutório,,,,a_definir,idea,"PAUTA-CANDIDATOS-PLANOS-ENSINO-4P-2026-09-15.md — Medicina de Família e Comunidade I",a_definir,,,,2026-09-15,
IDEA-P4-088,Método clínico centrado na pessoa,Clínico,Medicina de Família e Comunidade,Método clínico centrado na pessoa,a_definir,competência clínica transversal,,,,a_definir,idea,"PAUTA-CANDIDATOS-PLANOS-ENSINO-4P-2026-09-15.md — Medicina de Família e Comunidade I",a_definir,,,"Competência transversal; ver ambiguidades no documento de especificação.",2026-09-15,
IDEA-P4-089,Entrevista motivacional,Clínico,Medicina de Família e Comunidade,Entrevista motivacional,material,habilidade de comunicação clínica,,,,a_definir,idea,"PAUTA-CANDIDATOS-PLANOS-ENSINO-4P-2026-09-15.md — Medicina de Família e Comunidade I",a_definir,,,,2026-09-15,
IDEA-P4-090,"Populações em situação de vulnerabilidade e equidade na APS",Clínico,Medicina de Família e Comunidade,"Populações em situação de vulnerabilidade e equidade na APS",material,material de saúde coletiva,,,,a_definir,idea,"PAUTA-CANDIDATOS-PLANOS-ENSINO-4P-2026-09-15.md — Medicina de Família e Comunidade I",a_definir,,,,2026-09-15,
IDEA-P4-091,Rastreamento e prevenção secundária na APS,Clínico,Medicina de Família e Comunidade,Rastreamento e prevenção secundária na APS,a_definir,material/questões/SRS,,,,a_definir,idea,"PAUTA-CANDIDATOS-PLANOS-ENSINO-4P-2026-09-15.md — Medicina de Família e Comunidade I",a_definir,,,,2026-09-15,
IDEA-P4-092,Envelhecimento saudável e patológico,Clínico,Medicina de Família e Comunidade,Envelhecimento saudável e patológico,complete_pack,pack completo,,,,a_definir,idea,"PAUTA-CANDIDATOS-PLANOS-ENSINO-4P-2026-09-15.md — Medicina de Família e Comunidade I",a_definir,,,,2026-09-15,
IDEA-P4-093,Avaliação multidimensional da pessoa idosa,Clínico,Medicina de Família e Comunidade,Avaliação multidimensional da pessoa idosa,material,habilidade clínica,,,,a_definir,idea,"PAUTA-CANDIDATOS-PLANOS-ENSINO-4P-2026-09-15.md — Medicina de Família e Comunidade I",a_definir,IDEA-P4-092,,,2026-09-15,
IDEA-P4-094,"Fragilidade, capacidade funcional e síndromes geriátricas",Clínico,Medicina de Família e Comunidade,"Fragilidade, capacidade funcional e síndromes geriátricas",a_definir,conjunto geriátrico,,,,a_definir,idea,"PAUTA-CANDIDATOS-PLANOS-ENSINO-4P-2026-09-15.md — Medicina de Família e Comunidade I",a_definir,IDEA-P4-092,,,2026-09-15,
IDEA-P4-095,Violência nos diferentes ciclos de vida,Clínico,Medicina de Família e Comunidade,Violência nos diferentes ciclos de vida,complete_pack,pack transversal,,,,a_definir,idea,"PAUTA-CANDIDATOS-PLANOS-ENSINO-4P-2026-09-15.md — Medicina de Família e Comunidade I",a_definir,,,,2026-09-15,
IDEA-P4-096,Comportamento suicida na APS,Clínico,Medicina de Família e Comunidade,Comportamento suicida na APS,material,material clínico sensível,,,,a_definir,idea,"PAUTA-CANDIDATOS-PLANOS-ENSINO-4P-2026-09-15.md — Medicina de Família e Comunidade I",a_definir,,,"Tema sensível; exigirá cuidado editorial adicional na triagem.",2026-09-15,
IDEA-P4-097,"Vacinação de adolescentes, adultos e idosos",Clínico,Medicina de Família e Comunidade,"Vacinação de adolescentes, adultos e idosos",material,material preventivo,,,,a_definir,idea,"PAUTA-CANDIDATOS-PLANOS-ENSINO-4P-2026-09-15.md — Medicina de Família e Comunidade I",a_definir,,,,2026-09-15,
IDEA-P4-098,"Dermatoses comuns na APS: zoodermatoses e piodermites",Clínico,Medicina de Família e Comunidade,"Dermatoses comuns na APS: zoodermatoses e piodermites",a_definir,conjunto dermatológico,,,,a_definir,idea,"PAUTA-CANDIDATOS-PLANOS-ENSINO-4P-2026-09-15.md — Medicina de Família e Comunidade I",a_definir,,,,2026-09-15,
IDEA-P4-099,Cuidados paliativos na APS,Clínico,Medicina de Família e Comunidade,Cuidados paliativos na APS,complete_pack,pack completo,,,,a_definir,idea,"PAUTA-CANDIDATOS-PLANOS-ENSINO-4P-2026-09-15.md — Medicina de Família e Comunidade I",a_definir,,,,2026-09-15,
IDEA-P4-100,Terminologia médica em inglês,Transversal/Profissional,Clinical Experience,Terminologia médica em inglês,a_definir,competência transversal,,,,a_definir,idea,"PAUTA-CANDIDATOS-PLANOS-ENSINO-4P-2026-09-15.md — Clinical Experience",a_definir,,,"Formação transversal/profissional; fora da árvore clínica.",2026-09-15,
IDEA-P4-101,Leitura estruturada de casos clínicos em inglês,Transversal/Profissional,Clinical Experience,Leitura estruturada de casos clínicos em inglês,a_definir,habilidade transversal,,,,a_definir,idea,"PAUTA-CANDIDATOS-PLANOS-ENSINO-4P-2026-09-15.md — Clinical Experience",a_definir,,,"Formação transversal/profissional; fora da árvore clínica.",2026-09-15,
IDEA-P4-102,Apresentação de casos clínicos em inglês,Transversal/Profissional,Clinical Experience,Apresentação de casos clínicos em inglês,a_definir,habilidade de comunicação,,,,a_definir,idea,"PAUTA-CANDIDATOS-PLANOS-ENSINO-4P-2026-09-15.md — Clinical Experience",a_definir,,,"Formação transversal/profissional; fora da árvore clínica.",2026-09-15,
IDEA-P4-103,Leitura crítica de artigos científicos internacionais,Transversal/Profissional,Clinical Experience,Leitura crítica de artigos científicos internacionais,a_definir,competência de MBE,,,,a_definir,idea,"PAUTA-CANDIDATOS-PLANOS-ENSINO-4P-2026-09-15.md — Clinical Experience",a_definir,,,"Formação transversal/profissional; fora da árvore clínica.",2026-09-15,
IDEA-P4-104,Estrutura e apresentação de artigos científicos,Transversal/Profissional,Clinical Experience,Estrutura e apresentação de artigos científicos,a_definir,habilidade acadêmica,,,,a_definir,idea,"PAUTA-CANDIDATOS-PLANOS-ENSINO-4P-2026-09-15.md — Clinical Experience",a_definir,,,"Formação transversal/profissional; fora da árvore clínica.",2026-09-15,
IDEA-P4-105,Discussão de diagnóstico diferencial em inglês,Transversal/Profissional,Clinical Experience,Discussão de diagnóstico diferencial em inglês,a_definir,habilidade clínica-linguística,,,,a_definir,idea,"PAUTA-CANDIDATOS-PLANOS-ENSINO-4P-2026-09-15.md — Clinical Experience",a_definir,,,"Formação transversal/profissional; fora da árvore clínica.",2026-09-15,
IDEA-P4-106,"Comunicação médica intercultural, ética e profissional",Transversal/Profissional,Clinical Experience,"Comunicação médica intercultural, ética e profissional",a_definir,competência transversal,,,,a_definir,idea,"PAUTA-CANDIDATOS-PLANOS-ENSINO-4P-2026-09-15.md — Clinical Experience",a_definir,,,"Formação transversal/profissional; fora da árvore clínica.",2026-09-15,
IDEA-P4-107,Inglês como ferramenta de educação médica continuada,Transversal/Profissional,Clinical Experience,Inglês como ferramenta de educação médica continuada,a_definir,trilha transversal,,,,a_definir,idea,"PAUTA-CANDIDATOS-PLANOS-ENSINO-4P-2026-09-15.md — Clinical Experience",a_definir,,,"Formação transversal/profissional; fora da árvore clínica.",2026-09-15,
IDEA-P4-108,Construção da carreira e identidade profissional médica,Transversal/Profissional,Plano de Desenvolvimento Individual,Construção da carreira e identidade profissional médica,a_definir,formação profissional,,,,a_definir,idea,"PAUTA-CANDIDATOS-PLANOS-ENSINO-4P-2026-09-15.md — Plano de Desenvolvimento Individual I",a_definir,,,"Formação transversal/profissional; fora da árvore clínica.",2026-09-15,
IDEA-P4-109,Demografia médica no Brasil,Transversal/Profissional,Plano de Desenvolvimento Individual,Demografia médica no Brasil,a_definir,formação profissional/saúde coletiva,,,,a_definir,idea,"PAUTA-CANDIDATOS-PLANOS-ENSINO-4P-2026-09-15.md — Plano de Desenvolvimento Individual I",a_definir,,,"Formação transversal/profissional; fora da árvore clínica.",2026-09-15,
IDEA-P4-110,"Residência médica, especialização e carreira acadêmica",Transversal/Profissional,Plano de Desenvolvimento Individual,"Residência médica, especialização e carreira acadêmica",a_definir,orientação de carreira,,,,a_definir,idea,"PAUTA-CANDIDATOS-PLANOS-ENSINO-4P-2026-09-15.md — Plano de Desenvolvimento Individual I",a_definir,,,"Formação transversal/profissional; fora da árvore clínica.",2026-09-15,
IDEA-P4-111,Leitura crítica de editais de residência médica,Transversal/Profissional,Plano de Desenvolvimento Individual,Leitura crítica de editais de residência médica,a_definir,habilidade prática,,,,a_definir,idea,"PAUTA-CANDIDATOS-PLANOS-ENSINO-4P-2026-09-15.md — Plano de Desenvolvimento Individual I",a_definir,,,"Formação transversal/profissional; fora da árvore clínica.",2026-09-15,
IDEA-P4-112,Currículo profissional e Plataforma Lattes,Transversal/Profissional,Plano de Desenvolvimento Individual,Currículo profissional e Plataforma Lattes,a_definir,habilidade prática,,,,a_definir,idea,"PAUTA-CANDIDATOS-PLANOS-ENSINO-4P-2026-09-15.md — Plano de Desenvolvimento Individual I",a_definir,,,"Formação transversal/profissional; fora da árvore clínica.",2026-09-15,
IDEA-P4-113,Gestão e guarda de documentos da trajetória acadêmica,Transversal/Profissional,Plano de Desenvolvimento Individual,Gestão e guarda de documentos da trajetória acadêmica,a_definir,habilidade prática,,,,a_definir,idea,"PAUTA-CANDIDATOS-PLANOS-ENSINO-4P-2026-09-15.md — Plano de Desenvolvimento Individual I",a_definir,,,"Formação transversal/profissional; fora da árvore clínica.",2026-09-15,
IDEA-P4-114,Mentoria e planejamento de curso,Transversal/Profissional,Plano de Desenvolvimento Individual,Mentoria e planejamento de curso,a_definir,formação profissional,,,,a_definir,idea,"PAUTA-CANDIDATOS-PLANOS-ENSINO-4P-2026-09-15.md — Plano de Desenvolvimento Individual I",a_definir,,,"Formação transversal/profissional; fora da árvore clínica.",2026-09-15,
IDEA-P4-115,Liderança transformadora,Transversal/Profissional,Plano de Desenvolvimento Individual,Liderança transformadora,a_definir,competência profissional,,,,a_definir,idea,"PAUTA-CANDIDATOS-PLANOS-ENSINO-4P-2026-09-15.md — Plano de Desenvolvimento Individual I",a_definir,,,"Formação transversal/profissional; fora da árvore clínica.",2026-09-15,
IDEA-P4-116,"Bem-estar, qualidade de vida e resiliência do estudante/médico",Transversal/Profissional,Plano de Desenvolvimento Individual,"Bem-estar, qualidade de vida e resiliência do estudante/médico",a_definir,formação profissional,,,,a_definir,idea,"PAUTA-CANDIDATOS-PLANOS-ENSINO-4P-2026-09-15.md — Plano de Desenvolvimento Individual I",a_definir,,,"Formação transversal/profissional; fora da árvore clínica.",2026-09-15,
IDEA-P4-117,Reflexão longitudinal sobre decisões e trajetória profissional,Transversal/Profissional,Plano de Desenvolvimento Individual,Reflexão longitudinal sobre decisões e trajetória profissional,a_definir,formação profissional,,,,a_definir,idea,"PAUTA-CANDIDATOS-PLANOS-ENSINO-4P-2026-09-15.md — Plano de Desenvolvimento Individual I",a_definir,,,"Formação transversal/profissional; fora da árvore clínica.",2026-09-15,
